<launch>
    <arg name="planning_plugin" value="sbpl_interface/PlannerFamily" />
    <rosparam param="planner_plugins">
        sbpl: sbpl_interface/SBPLPlanner
        ompl: ompl_interface/OMPLPlanner
    </rosparam>

    <!--
    <arg name="planning_adapters"
            value="default_planner_request_adapters/AddTimeParameterization
                    default_planner_request_adapters/FixWorkspaceBounds
                    default_planner_request_adapters/FixStartStateBounds
                    default_planner_request_adapters/FixStartStateCollision
                    default_planner_request_adapters/FixStartStatePathConstraints" />
    -->

    <arg name="planning_adapters" value=""/>

    <param name="planning_plugin" value="$(arg planning_plugin)" />
    <param name="request_adapters" value="$(arg planning_adapters)" />
    <param name="start_state_max_bounds_error" value="0.1" />

    <rosparam command="load" file="$(find pr2_moveit_config)/config/kinematics.yaml"/>

    <group ns="sbpl">
        <include file="$(find pr2_sbpl_interface_config)/launch/sbpl_planning.launch.xml"/>
    </group>
    <group ns="ompl">
        <rosparam command="load" file="$(find pr2_moveit_config)/config/ompl_planning.yaml"/>
    </group>
</launch>
