<!--
Place sbpl-specific config here so it can be included by both sbpl-only planner
plugin and the family planner plugin
-->
<launch>
    <rosparam command="load" file="/home/rdml/testbed/ishani_grasp_ws/src/pr2_sbpl_interface_config/config/sbpl_planning.yaml"/>

    <group ns="graph_configs/RightArmManipLatticeConfig">
        <param name="mprim_filename" value="$(find pr2_sbpl_interface_config)/config/pr2.mprim"/>
    </group>

    <!-- <group ns="graph_configs/LeftArmManipLatticeConfig">
        <param name="mprim_filename" value="$(find pr2_sbpl_interface_config)/config/pr2.mprim"/>
    </group>

    <group ns="graph_configs/RightArmAndTorsoManipLatticeConfig">
        <param name="mprim_filename" value="$(find pr2_sbpl_interface_config)/config/pr2_with_torso.mprim"/>
    </group>

    <group ns="graph_configs/LeftArmAndTorsoManipLatticeConfig">
        <param name="mprim_filename" value="$(find pr2_sbpl_interface_config)/config/pr2_with_torso.mprim"/>
    </group> -->
</launch>
