<library path="libmoveit_sbpl_planner_plugin">
    <class  name="sbpl_interface/SBPLPlanner"
            type="sbpl_interface::SBPLPlannerManager"
            base_class_type="planning_interface::PlannerManager">
        <description>
        </description>
    </class>
    <class name="sbpl_interface/PlannerFamily"
            type="sbpl_interface::PlannerFamilyManager"
            base_class_type="planning_interface::PlannerManager">
        <description>
            A manager of planner managers allowing the use of several planning
            plugins simultaneously
        </description>
    </class>
</library>

